name|count
客户|560
管理|497
项目|450
供应商|325
公司|321
业务|301
我们|279
重庆|273
延锋安道|264
财务|255
进行|242
工厂|239
没有|212
流程|201
系统|201
成本|200
问题|193
计划|192
企业|188
目前|176
工作|170
数据|169
需要|168
采购|151
分析|150
产品|149
内部|147
情况|139
主要|138
设计|133
规划|133
转型|132
研发|132
工程|131
部门|131
目标|128
现在|127
通过|123
订单|122
团队|119
时间|117
库存|117
一个|117
需求|116
要求|116
当前|115
商务|115
市场|114
内容|112
事业部|112
建议|107
物料|105
完成|105
零件|105
发展|104
支持|104
可能|104
战略|103
质量|102
调研|101
生产|100
预算|96
负责|96
比较|96
报价|94
费用|92
更好|92
蓝图|92
业务管理|91
未来|90
使用|90
评估|89
可以|86
根据|86
预测|83
物流|82
开发|82
能力|82
制造|82
变更|80
影响|79
提升|79
制定|78
体系|78
人员|78
事项|78
相关|76
交付|76
待办|74
沃尔沃|74
评审|74
核心|74
风险|74
控制|74
行业|73
是否|73
合作|72
PBU|70
导致|70
考核|69
IT|69
平台|68
提出|68
管控|68
价格|67
信息|67
指标|66
方面|66
后续|66
变化|66
就是|65
其他|64
汽车|63
经理|63
以及|62
非常|62
CBU|61
现状|61
希望|60
执行|60
资源|60
支撑|59
已经|59
供应链|59
项目经理|59
实际|59
技术|58
自己|57
存在|57
提纲|57
过程|56
QAD|56
快速|56
创新|55
很多|55
理解|54
但是|54
沟通|54
参考|54
因为|52
考虑|52
实践|52
产能|51
做出|51
如果|51
从而|51
落地|51
提供|50
项目组|50
结合|50
整体|50
职责|50
这个|50
组织|50
开展|50
形成|49
精细化|49
定点|49
负责人|49
最佳|49
智能|49
重要|49
目的|49
原因|48
福特|48
意见|48
智能化|47
对于|47
无法|47
对象|47
差距|46
周期|46
数字化|46
把握|46
此次|46
能够|46
每个|46
实现|46
适应|46
之前|45
本次|45
业务流程|45
To|45
由于|44
涵盖|44
仅限于|44
加快|44
发展趋势|44
中国|43
汇报|43
步伐|43
一些|43
短板|43
我司|43
针对性|43
方案设计|43
按照|43
不同|42
标准|42
绩效|42
更新|42
投资|42
处理|41
零部件|41
如何|41
所以|41
之后|40
备注|40
还是|40
直接|40
OBS|39
人力|39
模块|39
调整|39
原材料|39
BU|39
所有|38
时候|38
方式|38
不能|37
序号|37
开始|37
资金|37
确认|37
日期|37
审核|36
审批|36
品牌|35
痛点|35
策略|35
成品|35
产量|35
参与|35
核算|35
TC|35
差异|35
不够|35
泡沫|35
期望|34
出现|34
同时|34
包括|34
运营|34
总监|34
进入|34
节点|33
量产|33
决策|33
MRP|33
结果|33
一般|33
针对|33
之间|33
职能|33
波动|33
面套|33
一定|32
关系|32
中心|32
结算|32
AFM|32
准确|32
功能|31
状态|31
匹配|31
解决|31
模具|31
较大|31
部分|30
满足|30
不是|30
今年|29
跟踪|29
相应|29
合同|29
关注|29
手工|29
工程师|29
纪要|29
座椅|29
比如|29
有些|29
基本|29
材料|28
前期|28
作为|28
数量|28
阶段|28
不会|28
车型|28
输入|27
选择|27
板块|27
具体|27
应该|27
文件|27
协同|27
什么|27
及时|27
效率|27
涉及|27
他们|27
以前|27
指定|26
协调|26
各个|26
PLM|26
统一|26
获取|26
付款|26
PMO|26
很大|26
两个|25
经验|25
进口|25
对应|25
采用|25
维护|25
回顾|25
只有|25
应用|25
整个|25
输出|25
吉利|25
竞争对手|24
监控|24
投入|24
对接|24
了解|24
设备|24
年度|24
另外|24
专业|23
索赔|23
总部|23
MOC|23
哪些|23
造成|23
骨架|23
税务|22
还有|22
基于|22
只能|22
一起|22
长安|22
程度|22
全球|22
运输|21
投产|21
欧洲|21
JIT|21
EC|21
发布|21
分摊|21
识别|21
收集|21
建立|21
例如|21
拉动|21
明确|21
设置|21
优化|21
本地|21
传递|21
KPI|20
回款|20
优势|20
完全|20
标准化|20
达到|20
基础|20
增加|20
介入|20
承担|20
月度|20
销售|20
报表|19
本身|19
系统化|19
一致|19
模式|19
确定|19
可行性|19
降低|19
OP|19
做到|19
发生|19
不到|19
一样|19
最终|19
内控|18
反馈|18
决定|18
等等|18
准备|18
计算|18
李尔|18
人工|18
工艺|18
这些|18
提前|18
出来|18
方案|18
每年|18
体现|18
SDT|18
签批|18
财务部|18
确保|18
商机|18
最大|18
自主|18
达成|18
第三方|17
及时性|17
员工|17
只是|17
新能源|17
ROS|17
正在|17
100%|17
经营|17
产品开发|17
呆滞|17
发泡|17
自动|16
或者|16
职能部门|16
BOM|16
分解|16
清楚|16
形式|16
起来|16
层级|16
提交|16
样件|16
分为|16
WMS|16
然后|16
下线|16
模块化|16
左右|16
分享|16
启动|16
帮助|16
整合|16
运作|16
机制|16
多少|16
接收|16
准确性|16
统计|16
发放|16
项目管理|15
关键|15
金额|15
异地|15
架构|15
BOS|15
精力|15
拿到|15
申请|15
每月|15
运行|15
方向|15
金属件|15
版本|15
持续|15
到货|15
各自|15
准确率|15
大量|15
Costing|15
运费|14
VAVE|14
同一个|14
现场|14
层面|14
主导|14
因素|14
困难|14
会计|14
怎么|14
分工|14
周转率|14
银行|14
完善|14
共用|14
评价|14
难以|14
模板|14
TBL|14
一次|14
对标|14
判断|14
先期|14
配置|14
年降|14
竞争|14
实施|14
找到|13
平衡|13
运用|13
新增|13
库房|13
压力|13
成熟|13
存货|13
编制|13
冲压|13
清晰|13
业务部门|13
集成|13
Volvo|13
点阵|13
培训|13
最后|13
到位|13
二维|13
成员|13
相对|13
定义|13
机会|13
发现|13
类似|13
来说|13
范围|13
特别|13
放在|13
不足|13
费率|13
南昌|13
合理|13
签订|13
包含|13
知道|12
自制|12
报告|12
定价|12
容易|12
端口|12
SCP|12
成立|12
产生|12
总装|12
遇到|12
沿用|12
HR|12
资料|12
收货|12
变革|12
改善|12
共享|12
销量|12
认为|12
指导|12
超过|12
日常|12
规范|12
每周|12
操作|12
关于|12
单独|12
排序|12
项目部|12
大家|12
成本核算|12
以后|12
实时|12
工作量|12
配合|12
邮件|12
利润|12
记录|11
假设|11
很少|11
人效|11
难度|11
减少|11
清单|11
以上|11
必须|11
去年|11
定期|11
特征|11
几个|11
线下|11
大庆|11
价值|11
改进|11
设变|11
后期|11
MES|11
一直|11
加强|11
战略规划|11
收到|11
集中|11
投决会|11
盘点|11
BP|11
不好|11
采购部|10
空间|10
孵化|10
汇总|10
10%|10
成都|10
批准|10
经常|10
最优|10
类型|10
收款|10
设定|10
最新|10
潜在|10
加工|10
提高|10
测试|10
林肯|10
签字|10
这样|10
主机厂|10
单价|10
安排|10
制度|10
客户端|10
研究|10
综合|10
生命周期|10
规则|10
现有|10
销售额|10
额外|10
搭建|10
很难|10
股东|10
其实|10
用于|10
重点|10
单位|10
筛选|10
表现|10
用户|10
定位|10
符合|10
推动|10
BPM|10
专门|10
上线|10
调动|10
管理层|10
比例|10
签发|10
得到|10
总经理|10
董事会|10
MOQ|10
个人|10
条款|9
节约|9
介绍|9
规定|9
效果|9
LT|9
挑战|9
TMS|9
锁定|9
Plus|9
办法|9
路径|9
回收|9
竞争力|9
因此|9
避免|9
引入|9
全面|9
PLUS|9
子公司|9
对比|9
降价|9
应收|9
PV|9
上海|9
服务|9
足够|9
钱彦|9
会议|9
寻找|9
提供数据|9
看到|9
谈判|9
中间|9
蔚来|9
大部分|9
激励|9
做好|9
开票|9
变动|9
保持|9
利用|9
事情|9
月份|8
政策|8
售后|8
接触|8
财务指标|8
而且|8
单元|8
划分|8
沙发|8
余婧军|8
参加|8
支付|8
结构|8
Ariba|8
带来|8
核对|8
发给|8
有时|8
复核|8
仓库|8
PSA|8
不合理|8
SPS|8
安道拓|8
里面|8
主动|8
结账|8
尽量|8
芝华士|8
50%|8
精确|8
后面|8
特殊|8
下达|8
滚动|8
在线|8
账务|8
管理系统|8
双方|8
环节|8
大概|8
volvo|8
严重|8
保证|8
讨论|8
30%|8
外部|8
已有|8
力度|8
生成|8
询价|8
资产|8
小时|8
这边|8
水平|8
这种|8
法务|8
在于|8
70%|8
原来|8
组织变革|8
才能|8
承诺|8
合理性|8
IPD|7
外包|7
拓展|7
给出|7
质量部|7
缺乏|7
SOP|7
想法|7
当时|7
产出|7
接受|7
中有|7
区别|7
推荐|7
真实|7
被动|7
小鹏|7
建设|7
Jedox|7
抓取|7
自身|7
对外|7
进一步|7
宏利|7
参数|7
Adient|7
来自|7
财务人员|7
交流|7
灵活|7
目标价|7
分别|7
40%|7
测算|7
线上|7
产品成本|7
更改|7
面对|7
老板|7
正常|7
需求量|7
下属|7
OEM|7
颗粒|7
根本|7
报废|7
稳定|7
其它|7
一家|7
自行|7
正式|7
分子|7
措施|7
CQYFAS|7
这是|7
半年|7
几年|7
一年|7
多个|7
安道|7
知识|7
儿童座椅|7
全年|7
安全|7
焊接|7
RDC|6
不高|6
技能|6
模型|6
账款|6
方法|6
说明|6
预期|6
改变|6
硬件|6
委员会|6
考量|6
分类|6
策划|6
摊销|6
传统|6
预定|6
绩效考核|6
历史|6
丰富|6
增量|6
哪个|6
给予|6
财务预算|6
事务|6
合格|6
耗费|6
整理|6
分配|6
看不到|6
完整|6
国产|6
报销|6
五年|6
领导|6
品类|6
准入|6
小组|6
BBP|6
DV|6
转变|6
有效性|6
人力资源|6
虚线|6
excel|6
培养|6
发票|6
限制|6
属于|6
详细|6
Lead|6
具备|6
是从|6
前端|6
渠道|6
一点|6
为主|6
协议|6
零星|6
虽然|6
三个|6
任务|6
一次性|6
必要|6
对账|6
合并|6
有时候|6
财务数据|6
costing|6
利用率|6
发起|6
赋能|6
查询|6
数据管理|6
全部|6
软件|6
20%|6
总体|6
速度|6
生产性|6
国内|6
账户|6
发出|6
衔接|6
拆解|6
为什么|6
有所|6
趋势|6
投料|6
不断|6
出于|6
前排|6
以内|6
线边|6
佛吉亚|6
管理员|6
检验|6
合资|6
响应|6
年度预算|6
三方|6
协作|6
季度|6
依据|6
应对|6
供货|6
获得|6
切换|6
进度|6
重视|6
独立|6
一套|6
产品质量|6
升级|6
细化|6
总成|6
有待|6
即使|6
产销|5
获利|5
相对来说|5
交付给|5
有关|5
真皮|5
还会|5
而定|5
责任|5
只要|5
财务总监|5
国外|5
年限|5
除了|5
VBU|5
地方|5
实验室|5
权限|5
总额|5
明显|5
明细|5
政府|5
布局|5
越来越|5
转换|5
研发部门|5
有限|5
来源|5
梳理|5
下发|5
修正|5
能否|5
库位|5
很长|5
战略目标|5
塑料件|5
加入|5
意向|5
财务管理|5
成为|5
汽车行业|5
通常|5
打通|5
花费|5
显示|5
设计变更|5
矛盾|5
发包|5
激励机制|5
AME|5
覆盖|5
铃木|5
本来|5
各种|5
矩阵|5
作用|5
JITS|5
关联|5
区域|5
邀请|5
角度|5
偏差|5
牵头|5
备货|5
一种|5
人才|5
行动计划|5
当然|5
定制|5
下来|5
协商|5
出错|5
照图|5
对系统|5
做法|5
固定|5
数据库|5
逾期|5
代码|5
最好|5
工具|5
融资|5
模版|5
即可|5
年初|5
界定|5
CAR|5
生产线|5
端的|5
损失|5
上传|5
收入|5
维度|5
间接|5
年底|5
逻辑|5
经过|5
利益|5
来源于|5
后台|5
信用|5
满意度|5
Global|5
取消|5
业决会|5
票据|5
run|5
有效|5
串联|5
而是|5
合作伙伴|5
顺畅|5
二是|5
SQE|5
其中|5
库存量|5
调配|5
80%|5
电动|5
融合|5
直线|5
理论|5
重新|5
期待|5
版块|5
参与度|5
连接|5
只会|5
慢慢|5
规避|5
鱼嘴|5
脱离|5
探讨|5
对方|5
距离|5
分布|5
不了|5
按此|5
5%|4
接口|4
下午|4
不用|4
后来|4
EBOM|4
为准|4
博弈|4
一步|4
增长|4
退出|4
难点|4
Part|4
年度计划|4
一致性|4
PO|4
晋升|4
下滑|4
滑轨|4
江铃|4
就要|4
计提|4
送货|4
集合|4
模摊|4
极大|4
怎样|4
同步|4
一是|4
EQM|4
推进|4
后排|4
徐华勇|4
真正|4
有点|4
RFQ|4
不良|4
等级|4
内审|4
货款|4
剥离|4
上下游|4
底层|4
甚至|4
高效|4
延迟|4
自动化|4
同意|4
高端|4
业务范围|4
重大|4
专职|4
亏损|4
跨部门|4
至信|4
协助|4
适用|4
最小|4
工程设计|4
其余|4
大小|4
消费者|4
严格|4
中长期|4
重复|4
改为|4
预估|4
商品|4
轮岗|4
话语权|4
意识|4
分散|4
来看|4
更加|4
95%|4
人为|4
预判|4
不行|4
回冲|4
而言|4
展示|4
应付|4
逐个|4
总账|4
细节|4
终审|4
修改|4
销售价格|4
纵轴|4
利润率|4
本周|4
60%|4
位置|4
因人而异|4
种类|4
Time|4
依靠|4
批量|4
替换|4
实验|4
导入|4
推广|4
出厂|4
补充|4
及其|4
面临|4
异常|4
扫描|4
建号|4
至少|4
福克斯|4
澄清|4
过去|4
连续|4
细致|4
归集|4
停线|4
为了|4
造型|4
相互|4
收益|4
内外部|4
来定|4
承接|4
框架|4
Maximo|4
盈利|4
VA|4
依托|4
机构|4
to|4
想要|4
动态|4
承认|4
图纸|4
全球化|4
可视化|4
岗位|4
监督|4
明年|4
下层|4
AQE|4
下降|4
并且|4
发货|4
不要|4
SAP|4
交货|4
一个月|4
国产化|4
收回|4
余地|4
导出|4
领克|4
议价|4
CI|4
增多|4
PPAP|4
代工|4
排产|4
成本增加|4
JV|4
更高|4
优劣势|4
各个部门|4
共同|4
AGV|4
采购员|4
开会|4
表格|4
关闭|4
评级|4
调查|4
关注点|4
告知|4
这块|3
三年|3
法规|3
这里|3
不太|3
倒推|3
出具|3
解释|3
逐步|3
咨询|3
matrix|3
用量|3
常规|3
硬模|3
立项|3
背后|3
特点|3
解码|3
否则|3
验证|3
底线|3
自下而上|3
延峰|3
感觉|3
行政|3
处于|3
15%|3
区分|3
刘颖|3
供应|3
订量|3
装配|3
威马|3
开拓|3
部件|3
估价|3
货值|3
SSOW|3
PM|3
分级|3
主管|3
buffer|3
EHS|3
非生产性|3
资本性|3
意愿|3
产品安全|3
业界|3
认证|3
转化|3
关掉|3
创建|3
GO|3
永远|3
拟定|3
应付账款|3
优秀|3
允许|3
会先|3
接近|3
接下来|3
贯穿|3
赔偿|3
聚焦|3
麦格纳|3
更大|3
不错|3
重汽|3
一共|3
产品库|3
引导|3
仍然|3
开立|3
SRM|3
两种|3
每次|3
新兴|3
人机|3
折旧|3
肯定|3
phase2|3
便于|3
系统对|3
理由|3
一方面|3
E化|3
强大|3
账单|3
CC|3
适当|3
二部|3
互相|3
延锋|3
吉星|3
相结合|3
充足|3
即时|3
错位|3
刚刚|3
依旧|3
3%|3
多数|3
那么|3
通报|3
初期|3
现有企业|3
低于|3
controller|3
全程|3
细度|3
保守|3
精简|3
哈尔滨|3
五菱|3
一条|3
参照|3
压缩|3
两次|3
CU|3
深挖|3
方便|3
存放|3
资深|3
打造|3
放到|3
复杂|3
超利|3
人均|3
差不多|3
筹划|3
版图|3
收紧|3
透明|3
母公司|3
过于|3
简化|3
处置|3
其次|3
征信|3
追溯|3
推出|3
暂停|3
争取|3
原本|3
手工操作|3
工人|3
衡量|3
华为|3
清理|3
缩短|3
专人|3
注重|3
停止|3
信息流|3
有没有|3
录入|3
占用|3
暂估|3
美国|3
以下|3
平衡点|3
2C|3
三单|3
资源配置|3
专家|3
ASN|3
担心|3
随着|3
小康|3
沉淀|3
入库|3
那边|3
Matrix|3
实物|3
外库|3
细分|3
授权|3
长期|3
Supplier|3
解决方案|3
不大|3
手动|3
组建|3
EDI|3
手段|3
成本计算|3
工作效率|3
权衡|3
回复|3
多轮|3
简要|3
取货|3
PGM|3
少数|3
算作|3
愿意|3
临时|3
杭州|3
谨慎|3
经验教训|3
global|3
辅导|3
较为|3
是因为|3
家居|3
这一|3
概念|3
系统性|3
账期|3
尽可能|3
试点|3
整车|3
转移|3
这方面|3
哪里|3
预审|3
构成|3
频率|3
裁片|3
一线|3
物权|3
90%|3
下半年|3
掌握|3
理想|3
跟进|3
出库|3
75%|3
拨款|3
短期|3
来料|3
交由|3
一体化|3
Phase1|3
看法|3
环境|3
逐渐|3
周边|3
卷料|3
阻力|3
NL|3
充分|3
两家|3
积累|3
确实|3
东西|3
营运|3
蒋玲|3
最长|3
之内|3
节流|3
下载|3
频次|3
暂未|3
精益|3
通用|3
状况|3
极星|3
格式|3
厚度|3
另一方面|3
联动|3
人工效率|3
缝纫工|3
面料|3
lead|3
过往|3
繁琐|3
关税|3
DFC|3
年前|3
货物|3
冲床|3
整椅|3
豪华车|3
暂时|3
脱节|3
独家|3
半成品|3
联网|3
预计|3
紧张|3
外观|3
本部|3
稳定性|3
顺序|3
财务经理|3
比较稳定|3
系统管理|3
工程部|3
量化|3
哪些方面|3
签署|3
财务报表|3
网络|3
再次|3
领域|3
总分|3
通道|3
防错|3
固定资产|3
曾经|3
DFMEA|3
分配任务|3
过剩|3
终端|3
相当于|3
税金|3
VE|3
同样|3
一旦|3
领导层|3
寻源|3
仓储|3
专项|3
高风险|3
分开|3
运单|3
检查|3
支出|3
告诉|2
尚未|2
timelog|2
合规|2
内饰|2
透明化|2
下个月|2
女王|2
增速|2
减量|2
合肥|2
客户经理|2
保障|2
取决于|2
查看|2
实际成本|2
特殊性|2
不佳|2
宽度|2
上升|2
互动|2
管员|2
关注度|2
新人|2
某些|2
现金流|2
当期|2
Making|2
FEA|2
人群|2
质量指标|2
误解|2
核实|2
产线|2
ADIENT|2
资源整合|2
比如说|2
换代|2
执委会|2
顾问|2
法定|2
会计科目|2
专家组|2
起步|2
厉害|2
饱和|2
拧紧|2
应急|2
金康|2
杨才萍|2
DFM|2
2B|2
推行|2
尺寸|2
往往|2
对本|2
微信|2
发对|2
Excel|2
由此|2
Phase0|2
定下|2
工时|2
业决会会|2
到期|2
全是|2
积压|2
流失|2
控制点|2
集中管理|2
围绕|2
集团|2
首要|2
薄弱|2
停产|2
各项|2
超额|2
特斯拉|2
认可|2
对手|2
一期|2
扩展|2
多余|2
Phase2|2
转到|2
冻结|2
通用性|2
上会|2
计划性|2
缺少|2
消耗|2
会加|2
当月|2
正确|2
输入输出|2
点前|2
转化率|2
难以实现|2
一般来说|2
意义|2
最少|2
会计核算|2
轿车|2
手持|2
当地|2
滞后性|2
review|2
条件|2
敏感度|2
召集|2
抵扣|2
观察|2
加上|2
不停|2
ERP|2
上午|2
表达|2
是不是|2
富余|2
明细账|2
放大|2
跌价|2
亏欠|2
年轻|2
冲击|2
SOW|2
参与方|2
标签|2
追踪|2
奶牛|2
长短|2
倾向|2
现阶段|2
99%|2
顶层|2
丢失|2
开源|2
技术人员|2
赋予|2
扶手|2
频繁|2
价差|2
即将|2
预算编制|2
空运|2
以往|2
行为|2
东风|2
来讲|2
年轻人|2
开模|2
上下|2
实力|2
情报|2
part|2
损益|2
治理|2
深度|2
文静|2
无缝|2
招募|2
思维|2
事后|2
保密|2
人数|2
不认|2
上班|2
主要职责|2
运送|2
布置|2
提醒|2
混乱|2
MMOG|2
何时|2
决定权|2
工位|2
瓶颈|2
众多|2
故而|2
模糊|2
中会|2
配料|2
延期|2
业务部|2
试运行|2
HMP|2
并购|2
项目风险|2
甄别|2
别人|2
这部分|2
时会|2
提报|2
出发点|2
遵循|2
以销定产|2
赵洪梅|2
未定|2
除此之外|2
下级|2
周期短|2
出发|2
镜像|2
转给|2
现状及|2
估算|2
凭证|2
Quality|2
包装|2
每日|2
售卖|2
席洁|2
RPPM|2
第一|2
管理模式|2
备件|2
技术部|2
工作日|2
创新型|2
EQU|2
上半年|2
三包|2
节拍|2
当日|2
初衷|2
VOLVO|2
分管|2
千万|2
原有|2
平凡|2
谈妥|2
订货|2
力帆|2
实行|2
降本增效|2
代加工|2
维持|2
解决问题|2
成套|2
剩下|2
企直|2
运转|2
发展部|2
柔性|2
徐晨|2
单方面|2
拒收|2
民用|2
能力差|2
遗漏|2
横轴|2
报出|2
缺陷|2
较长|2
LT1|2
尤其|2
潘顺先|2
黄茅坪|2
强调|2
出去|2
边库|2
不变|2
可用|2
专员|2
较强|2
功能设计|2
AYM|2
那里|2
杂项|2
条线|2
bu|2
融入|2
之所以|2
看来|2
失败|2
缓慢|2
EOP|2
损益表|2
随意|2
旁边|2
顺利|2
卷积|2
自厂|2
业财|2
路线|2
CAPSA|2
按计划|2
深耕|2
开发周期|2
起草|2
五十铃|2
信心|2
TDM|2
黄效祥|2
十分|2
Engineer|2
以下几点|2
参差不齐|2
如卷料|2
无论是|2
多套|2
提到|2
高于|2
共有|2
联系|2
谈好|2
原则|2
备品备件|2
需求预测|2
GBET|2
东莞|2
一件|2
检具|2
标杆|2
列为|2
偏向|2
背景|2
3C|2
产品线|2
内外|2
如蔚来|2
周度|2
引领|2
浪费|2
增到|2
体量|2
认领|2
明珠|2
财务部门|2
流转|2
一周|2
对此|2
第二家|2
存款|2
适合|2
进来|2
深入|2
ES8|2
反冲|2
软饰|2
回来|2
电器|2
精细|2
活动|2
汪董|2
消化|2
单个|2
探索|2
征询|2
非常低|2
能源行业|2
25%|2
复杂程度|2
田浩|2
2%|2
归口|2
引起|2
站点|2
起诉|2
总费用|2
依赖|2
道福特|2
抵消|2
王玲|2
采集|2
证明题|2
度为|2
前瞻性|2
贴近|2
较弱|2
鲜杨|2
单率|2
Roadmap|2
很小|2
BIT|2
交接|2
预防|2
来不及|2
面对面|2
管理体系|2
耗时|2
如下|2
除非|2
人事部门|2
首先|2
起订量|2
角色|2
高层|2
错误|2
决策权|2
估计|2
体积|2
拥有|2
良好|2
待检|2
联络|2
惠海岗|2
借鉴|2
性质|2
强势|2
名义|2
条码|2
紧固件|2
紧密|2
前途|2
熟悉|2
降本|2
葛斓|2
无论|2
前后|2
案例|2
回单|2
螺栓|2
银翔|2
上个月|2
每种|2
客户关系|2
完后|2
交互|2
储备|2
待定|2
展开|2
策略性|2
贯通|2
承运|2
一版|2
四个|2
论证|2
迁移|2
规模|2
觉得|2
万左右|2
一部分|2
宁愿|2
S201|2
借助|2
做成|2
工装|2
成本费用|2
纳入|2
百分之几|2
拆分|2
摸索|2
产品设计|2
约束|2
site|2
不可|2
手机|2
原始|2
张科|2
干预|2
承担责任|2
自上而下|2
此子|2
账龄|2
头枕|2
执委|2
红线|2
EBIT|2
空余|2
上去|2
原理|2
可高达|2
更难|2
且会|2
JS|2
自我|2
存储|2
此前|2
对内|2
地位|2
地步|2
OA|2
保留|2
专业性|2
不足以|2
大约|2
集团化|2
放入|2
合适|2
C519|2
接任|2
VSO|2
C301|2
通知|2
凡是|2
基础架构|2
电话|2
百万件|2
不全|2
下单|2
工序|2
贴合|2
可控|2
信息系统|2
SSO|2
加以|2
加成|2
北美|2
小件|2
变少|2
技术壁垒|2
尝试|2
MBOM|2
各个方面|2
强制|2
是否是|2
表单|2
排定|2
背板|2
冲压件|2
PAP|2
责任人|2
发挥|2
各有|2
级别|2
占优势|2
寻求|2
现金流量|2
过多|2
全资|2
不必要|2
缩减|2
总线|2
概述|2
当面|2
以此|2
比率|2
中台|2
租车|2
固化|2
打包|2
谈价|2
靠背|2
移动|2
Decision|2
Ford|2
RPT|2
反而|2
备品|2
门户|2
比重|2
中国区|2
万辆|2
单子|2
Kids|2
唐进|2
如此|2
管理人员|2
一步步|2
马上|2
sdt|2
事宜|2
流动|2
展现|2
工程质量|2
发送|2
到线|2
较准|2
流程图|2
实在|2
公式|2
狭窄|2
清晰化|2
延锋安|2
账实|2
BI|2
台州|2
工业|2
鼓励|2
商务谈判|2
审计|2
客户群|2
新建|2
VQE|2
激光|2
北汽|2
麻烦|2
奖金|2
走向市场|2
可能性|2
厂内|2
挖掘|2
请问|2
抱怨|2
变弱|2
周期长|2
至今|2
可靠性|2
一轮|2
停供|2
所得税|2
车式|2
收缩|2
提货|2
打分|2
比较完善|2
理念|2
建厂|2
差旅费|2
坐盆|2
负债表|2
水分|2
始终|2
月结|2
根本原因|2
多家|2
三处|2
下面|2
当年|2
担忧|2
XXX|2
发运|2
售前|2
不止|2
上门|2
OK|2
草率|2
4AB|2
按斤|2
随时|2
优先|2
用来|2
如面|2
冲突|2
项目前期|2
口径|2
事件|2
陆续|2
ES6|2
实际上|2
管理机制|2
相比|2
人为因素|1
绝对|1
霍全|1
释放|1
走向|1
扣减|1
代价|1
定性|1
差缺|1
问卷|1
张果|1
降低库存|1
均衡|1
不同点|1
背书|1
每半年|1
最近|1
月量|1
寄回|1
共线|1
SPPM|1
税负|1
价格比|1
双箱|1
前台|1
这会|1
视为|1
评审会|1
转固|1
试错|1
中低端|1
轻量化|1
以产|1
位于|1
对物|1
所在|1
数据报表|1
飞行员|1
事例|1
缺失|1
助理|1
受产线|1
催促|1
之下|1
优质|1
方都|1
求生存|1
感情|1
评分|1
MOQ400|1
指导书|1
民生|1
应当|1
放开|1
不然|1
类均|1
不太好|1
公开|1
本质|1
部位|1
专线|1
挂账|1
低库位|1
佐证|1
利率|1
厘定|1
以便|1
JCI|1
内较|1
主人翁|1
正确性|1
简化版|1
收支|1
理性|1
会拉低|1
直属|1
一万块|1
合法|1
风暴|1
拿不出|1
主流|1
15w|1
周都|1
发邮件|1
授信额度|1
拓在|1
中面|1
立即|1
差异化|1
做些|1
链条|1
十几万|1
车上|1
管辖|1
如收|1
极少|1
豪华|1
李德|1
曲线|1
PPHR|1
叫停|1
奔驰|1
比照|1
闲职|1
当有|1
先进|1
达到目标|1
场景|1
主动出击|1
太长|1
不定期|1
看板|1
修订|1
几万元|1
沿革|1
很强|1
一定量|1
偏高|1
出差|1
大大提高|1
量量|1
多且|1
管理控制|1
封路|1
质疑|1
双职工|1
多维度|1
二级|1
太久|1
跟不上|1
高等|1
会发|1
不管|1
参看|1
今日|1
配送|1
统计表|1
报警|1
expert|1
核查|1
cycle|1
专利|1
作出|1
吃惊|1
新开模|1
买个|1
反过来|1
清缴|1
开车|1
PE|1
增值税|1
夹具|1
看清楚|1
美国市场|1
管理文件|1
请示|1
数据流|1
闭塞|1
到达|1
保护|1
专业人才|1
短缺|1
万亿|1
班次|1
主合同|1
前提|1
时效性|1
专业知识|1
权利|1
CQ|1
垃圾|1
异常情况|1
盖章|1
断供|1
多有|1
级会|1
年内|1
大批量|1
十几条|1
数值|1
传言|1
低效|1
看有|1
算法|1
个体|1
怀疑|1
生产方式|1
发展期|1
平时|1
田刚|1
机器|1
会想|1
注意|1
工区|1
未确定|1
提高效率|1
份额|1
权责|1
日报|1
运控|1
具体分析|1
中层|1
框定|1
断点|1
保时捷|1
更优|1
下周|1
退库|1
太高|1
当天|1
签好|1
低价|1
关心|1
多年|1
得出|1
改革|1
下去|1
备用|1
一票否决制|1
紧密联系|1
追求|1
市场前景|1
过未|1
当前情况|1
越差|1
个别|1
停货|1
任务量|1
在外|1
单等|1
参考价值|1
丧失|1
一再|1
观望|1
teamcenter|1
难度很大|1
区间|1
最优设计|1
此种|1
实地考察|1
查到|1
期间|1
新工艺|1
三种|1
占地|1
下游|1
变化趋势|1
只想|1
备料|1
来龙去脉|1
K316|1
车身|1
技术含量|1
忽略|1
选定|1
齐全|1
评定|1
人手|1
人员素质|1
各类|1
物理|1
总会|1
扭亏|1
BC|1
冲劲|1
实际意义|1
技术手段|1
adient|1
上能|1
出租|1
比较清楚|1
领取|1
成熟度|1
派遣|1
高级|1
对前|1
最高奖|1
市场预测|1
独立性|1
效率高|1
价格低|1
儿童|1
越短|1
保密性|1
签单|1
领料|1
自行决定|1
此时|1
结点|1
PS|1
自造|1
IFS|1
设计部|1
李清茂|1
抽盘|1
福睿斯|1
CX483|1
出货|1
三电|1
画出|1
上报|1
CATIA|1
杨慧勇|1
本土|1
按门|1
转单|1
比会|1
离开|1
S402|1
JPH|1
针断|1
罗先花|1
管材|1
最大化|1
更重|1
预警|1
召开|1
就会|1
BOOK|1
中后期|1
要钱|1
主责|1
打击|1
保有|1
举措|1
转运|1
宝马|1
紧随|1
且件|1
保证金|1
通关|1
自有|1
具有|1
综合信息|1
人去|1
适应性|1
增幅|1
质量检验|1
新闻|1
消息|1
机票|1
PEST|1
指派|1
邮箱|1
Readiness|1
搞定|1
留给|1
网银银|1
北美地区|1
陷入|1
红色|1
顶住|1
工模|1
一箱|1
变成|1
问责|1
新老|1
成长|1
中欧|1
导向性|1
成果|1
点多|1
决策制定|1
低下|1
地下|1
电动汽车|1
惯例|1
下行|1
总共|1
集体|1
李尔会|1
第一次|1
劣势|1
全部都是|1
日程|1
较难|1
累加|1
事务性|1
力推|1
波动性|1
准确度|1
低效率|1
Work|1
员会|1
关厂|1
到款|1
拓是|1
雪铁龙|1
具体情况|1
信息量|1
移出|1
走此|1
创造|1
车场|1
过新|1
卷布|1
每人|1
app|1
产品报价|1
COE|1
两者|1
供需平衡|1
周期性|1
简单|1
校核|1
数据链|1
转外|1
银企|1
什么样|1
类别|1
按个|1
科学|1
离职|1
上游|1
心里|1
B2P|1
两端|1
能耗|1
PPSC|1
单笔|1
进度缓慢|1
驾驶|1
一整张|1
从头|1
效益|1
友好|1
放权|1
推移|1
一页|1
kitting|1
潘飞|1
退货|1
放进|1
ish|1
电气|1
不利于|1
阻挡|1
之力|1
短平快|1
DSO|1
总装线|1
块钱|1
生产量|1
软件部|1
谈定|1
PD2|1
抓手|1
编制者|1
感官|1
接到|1
伤害|1
制后|1
YFAS|1
不准|1
不付|1
数据源|1
档案|1
商谈|1
model|1
现金|1
85%|1
分拆|1
参观|1
事业|1
统计局|1
静态|1
手册|1
火车|1
势力|1
环保|1
报税|1
兼容|1
转让|1
抵挡|1
每家|1
1%|1
汪华胜|1
初步|1
昂贵|1
局部优化|1
APS|1
A3|1
新开|1
洗牌|1
超出|1
入手|1
三区|1
总裁|1
Kitting|1
停滞|1
砍掉|1
紧等|1
数据中心|1
PD4|1
instruction|1
存库|1
会亏|1
任何|1
SLA|1
宕机|1
组分|1
不大标|1
换掉|1
经历|1
周一|1
工单|1
市面上|1
构想|1
做差|1
人员培训|1
突然|1
两类|1
不需|1
按年|1
表等|1
用以|1
降下来|1
敏锐度|1
李伟云|1
在意|1
单据|1
华冠|1
数据系统|1
创收|1
小于|1
一半|1
welding|1
科技|1
排队|1
放置|1
安全事故|1
帐款|1
M11|1
Owner|1
实地|1
如有|1
变得|1
千家|1
选用|1
量级|1
决策层|1
开箱|1
发到|1
黑盒子|1
招聘|1
分阶段|1
日常事务|1
参会|1
数字|1
多备|1
制造执行系统|1
出行|1
超标|1
自动控制|1
第二年|1
棘手|1
表面|1
dv|1
严格控制|1
第二代|1
收票|1
只靠|1
有利于|1
报低|1
整体规划|1
交出去|1
对件|1
设计方案|1
卖不掉|1
不利|1
以外|1
理财|1
重灾区|1
分钟|1
动态变化|1
单一|1
零件库|1
推给|1
风险管理|1
锋线|1
传承|1
落实|1
业内|1
人提|1
过少|1
健康|1
面子|1
财务计划|1
变为|1
承兑汇票|1
将会|1
就算|1
学院|1
分时|1
比较满意|1
c.1000|1
总数|1
共计|1
自查|1
自由|1
U60|1
定分|1
总金额|1
两难|1
跟随|1
度到|1
好处|1
回击|1
时点|1
群组|1
螺丝钉|1
小量|1
势必会|1
开发阶段|1
强度|1
各门|1
物品|1
节奏|1
侧重点|1
偶尔|1
财权|1
做账|1
张巧丽|1
货车|1
头脑|1
捆绑式|1
早于|1
官兵|1
迟缓|1
多次|1
突破性|1
几家|1
错过|1
结论|1
四五个|1
时所放|1
反应|1
ford|1
PLC|1
采购计划|1
短期行为|1
单点|1
工艺技术|1
身上|1
居然|1
David|1
程序控制|1
3D|1
天眼|1
柔性化|1
先归|1
一下|1
本着|1
证明|1
关键词|1
思考|1
切分|1
时有|1
交易|1
三日|1
接皮|1
Volvo2|1
诉讼|1
管理者|1
不买账|1
截至|1
欠缺|1
毛线|1
雇佣|1
打不紧|1
出入库|1
气味|1
太大|1
初始|1
大多数|1
预算内|1
没能|1
数据分析|1
运维有|1
描述|1
知识产权|1
牛舍|1
再换|1
抗拒|1
无误|1
夜班|1
疏忽|1
不见|1
做太多|1
长期保持|1
出口|1
maketo|1
外协|1
发起人|1
精神|1
有所改善|1
低库|1
抵押|1
关节|1
高低|1
树立|1
建行|1
辅助工具|1
五分之一|1
补货|1
要货|1
异响|1
点后|1
长安汽车|1
但此|1
发表意见|1
上班时间|1
予以|1
现实情况|1
执行长|1
交到|1
利弊|1
实施细则|1
60w|1
常会|1
仍由原|1
周做|1
13%|1
权威性|1
程序开发|1
扣除|1
计算公式|1
硬性|1
劣质|1
开口|1
会分|1
相似|1
维修|1
非标准|1
串接|1
分成|1
有人|1
中途|1
股权结构|1
LT2|1
关键问题|1
共赢|1
后会发|1
浪费时间|1
拆开|1
ePLUS|1
诉求|1
牵动|1
外汇|1
侵权行为|1
过长|1
方法论|1
二期|1
外购|1
先看|1
建有|1
只用|1
升值|1
促使|1
基本上|1
转好|1
标的|1
BPR|1
简述|1
两条线|1
leader|1
外箱|1
蔡泉|1
赵云|1
编码|1
Prolog|1
supplier|1
强项|1
资浅|1
总结经验|1
以作|1
收费|1
预提|1
转入|1
终端用户|1
批量生产|1
有的是|1
绝对值|1
全新|1
龙冬梅|1
李昌琼|1
配套|1
同事|1
周二|1
制订|1
来于|1
白夜|1
如威马|1
报给|1
太原|1
主观|1
后报|1
白班|1
防火墙|1
不多|1
数据表|1
控制不了|1
公示|1
从安道|1
最低价|1
拒绝|1
意味着|1
车位|1
标致|1
尚待|1
率有|1
那些|1
实际困难|1
卖方市场|1
从来|1
汇报工作|1
类才|1
FBU|1
费时|1
开放|1
浪费资源|1
分内|1
经验不足|1
个数|1
遮阳板|1
关键点|1
建设性|1
由人|1
目前为止|1
七年|1
直观|1
拉车|1
天灾|1
找出|1
赚钱|1
换位|1
上一年|1
昨日|1
备面|1
白小梅|1
公司财务|1
名称|1
为分|1
混沌|1
孙中维|1
Trim|1
必做|1
划拨|1
买回来|1
以件|1
加大|1
比速|1
兼职|1
许多|1
基座|1
公司业绩|1
分公司|1
强力|1
设计部门|1
彻底|1
恒大有|1
提取|1
详尽|1
单纯|1
镁铝合金|1
职权|1
更换|1
对称|1
传输|1
揉入|1
合理化|1
搬运|1
CN115|1
技巧|1
分解成|1
最低|1
元器件|1
成品率|1
并非|1
互通有无|1
资产负债率|1
已知|1
准备就绪|1
尽量避免|1
多渠道|1
性由|1
外采|1
发送给|1
磨合|1
磋商|1
一厂|1
德国|1
章程|1
长城|1
月末|1
理论值|1
处有|1
Polestar1|1
具体内容|1
无须|1
输给|1
多样化|1
能力差异|1
一家独大|1
全权负责|1
撕毁合同|1
那条|1
之一|1
权都|1
三输|1
提议|1
7W|1
很重|1
社会|1
套外|1
远程|1
上级|1
总成本|1
很快|1
兵强马壮|1
翁妮|1
不景气|1
敢于创新|1
Statement|1
以暂|1
Advance|1
Controller|1
样品|1
充裕|1
sell|1
解析|1
反映|1
闭门造车|1
及盾|1
按周|1
任职|1
边缘|1
ECR|1
授信|1
留人|1
合同条款|1
一一|1
收购|1
不精确性|1
动力|1
几台|1
创造发明|1
依然|1
武汉|1
细项|1
申请材料|1
死死的|1
加剧|1
OPEN|1
两块|1
有库|1
资格|1
AP|1
道德|1
收获|1
单冲|1
更何况|1
几续|1
养活|1
协同效应|1
再查|1
CX11|1
前瞻|1
知晓|1
指示|1
钢厂|1
汽联|1
不如|1
代理|1
宽裕|1
大学生|1
绘制|1
利与弊|1
专注|1
爆发|1
拓曾|1
对待|1
李尔本|1
尽管|1
元件|1
驾驶员|1
听取|1
不良率|1
向下|1
如对|1
漫长|1
第三款|1
团体|1
运输成本|1
延续|1
单件|1
几序|1
实质|1
新型|1
超期|1
天数|1
竞品|1
主页|1
强化|1
透彻|1
窗口|1
较差|1
洞察|1
申报|1
报批|1
特定|1
声誉|1
极端|1
突发状况|1
17%|1
自建|1
乱发|1
CMDS|1
补料|1
投放|1
复盘|1
兼任|1
着急|1
因数|1
Re|1
十多年|1
Skype|1
碰到|1
星期天|1
坚守|1
过重|1
一部|1
SCC|1
大且|1
直到|1
非常少|1
看重|1
化料|1
放在眼里|1
指令|1
QP|1
picture|1
黏度|1
看好|1
基因|1
直接参与|1
完成度|1
承受|1
逻辑图|1
ARIBA|1
更贵|1
书面|1
纠纷|1
技术规范|1
K426|1
装配成|1
s90|1
规范性|1
实例|1
顺手|1
税收法律|1
阻燃|1
补给|1
链中|1
负责管理|1
只以|1
完全相同|1
守住|1
独立核算|1
合在一起|1
执行力|1
那个|1
集成化|1
典型|1
没什么|1
委任|1
横纵|1
人会|1
月底|1
力气|1
transfer|1
导取|1
果冻|1
划转|1
南方|1
接着|1
试验|1
一段时间|1
例会|1
百年|1
信息化|1
战略部|1
单是|1
周三|1
一列|1
强制性|1
三天|1
密切|1
拉链|1
波荡|1
自控|1
手里|1
汇款|1
裁员|1
每周五|1
Airba|1
8%|1
供选择|1
新近|1
奋斗|1
补箱|1
打折|1
合同价|1
昨天|1
点有|1
MSO|1
很准|1
技术储备|1
DP|1
长度|1
先报|1
DVP|1
对下|1
李耳|1
公平性|1
快捷|1
催款|1
余额|1
盲进|1
人民币|1
潜力|1
开厂|1
大多|1
直至|1
5w|1
协定|1
业务人员|1
17w|1
消除|1
往年|1
非官方|1
受益|1
留存|1
拓域|1
扩张|1
Master|1
弱点|1
外发|1
EBP|1
紧急|1
参杂|1
MDM|1
详见|1
拍板|1
次年|1
预算外|1
一一对应|1
毕业|1
RSO|1
除面|1
要花|1
发过来|1
之外|1
很差|1
撤走|1
厂房|1
数据仓库|1
利于|1
管理效率|1
时比|1
全都|1
B754|1
cover|1
前有|1
金融机构|1
巡线|1
不太可能|1
李鑫|1
南京|1
局限于|1
未找到|1
积极主动|1
紧缺|1
流程化|1
证据|1
流动性|1
前以|1
动因|1
ABC|1
上限|1
样板|1
旋转|1
弄错|1
系统集成|1
保证数据|1
认识|1
取料|1
交涉|1
由主|1
拖延|1
壁垒|1
嵌件|1
难于|1
动作|1
斜度|1
满足要求|1
漏焊|1
表及|1
未达标|1
缝纫|1
控制参数|1
ePlus|1
分析模型|1
换模|1
机器人|1
Phase3|1
毛钱|1
看见|1
主推|1
默认|1
来分|1
人上|1
纬度|1
客户服务|1
总结|1
提示|1
Task|1
制作|1
制造费用|1
辛艺|1
发掘|1
规格|1
化及|1
资源分配|1
自发性|1
预设|1
cqyfas|1
漏报|1
更长|1
原皮|1
互选|1
着量|1
第二款|1
ODS|1
详细分析|1
地址|1
召回|1
查收|1
车价|1
买方市场|1
签订合同|1
本土化|1
规划设计|1
路程|1
若为|1
依赖于|1
导向|1
IBU|1
冬季|1
成功|1
Past|1
鉴于|1
私人关系|1
功能键|1
成单|1
Program|1
海马|1
等待时间|1
甜头|1
EXW|1
信息提取|1
MOQ500|1
评过|1
屏蔽|1
Websphere|1
端起|1
到场|1
循环|1
跟上|1
拖拽|1
影响力|1
走量|1
五个|1
总费|1
volov|1
lear|1
人力资本|1
年数|1
子系统|1
价格昂贵|1
别的|1
举报|1
帐期|1
计息|1
BTP|1
打算|1
用不完|1
疑问|1
边库位|1
刚好|1
电费|1
不可否认|1
辅助|1
中行|1
没收|1
不过|1
面积|1
场地面积|1
点半|1
市场调研|1
功能性|1
埋雷|1
拓面|1
统一性|1
报送|1
后勤|1
月初|1
剔出|1
先对|1
更酷|1
绕过|1
TS6949|1
FSO|1
实习生|1
当初|1
粘度|1
剩余|1
hr|1
对外部|1
零售|1
年产|1
专业化|1
线式|1
11.7%|1
省略|1
装载|1
措辞|1
人工智能|1
最快|1
ACO|1
钢材|1
交互式|1
点为|1
时常|1
替代品|1
在场|1
电器元件|1
service|1
综合性|1
热情|1
盲盘|1
风格|1
再会|1
抄送|1
做线|1
优劣|1
FFS|1
基地|1
如同|1
YL1|1
ATR|1
未能|1
分后|1
陈卫军|1
拆包|1
事前|1
车能|1
每天|1
他会|1
Report|1
首选|1
商誉|1
环境影响|1
常有|1
某种|1
原件|1
适配|1
视角|1
兼顾|1
值得|1
纳税|1
P6|1
装备|1
自定义|1
博奥|1
加速|1
决绝|1
滴滴|1
较窄|1
上汽|1
自动更新|1
管理水平|1
增大|1
物来|1
再次发生|1
思路|1
欧尚|1
局限性|1
最合适|1
计模|1
登录|1
参见|1
周可|1
业务量|1
品质|1
跳出|1
决策依据|1
说了算|1
周围|1
短时间|1
总包|1
照搬|1
制有|1
法律法规|1
计分卡|1
探险者|1
不符|1
突发性|1
部门级|1
DS|1
化后|1
岗位职责|1
下马|1
副总|1
得不到|1
管理中心|1
合作开发|1
PPC|1
百个|1
视野|1
线材|1
商定|1
Data|1
分包|1
各种各样|1
自由性|1
研究院|1
关联性|1
询问|1
PFEP|1
投标|1
多天|1
例子|1
前延锋|1
把关|1
区域性|1
传递信息|1
卷材|1
实用性|1
总预算|1
失真|1
一级|1
IMDS|1
时为|1
就定|1
指标体系|1
就会花|1
GEBT|1
幅度|1
尝到|1
预约|1
失效|1
再谈|1
plus|1
还给|1
绑定|1
两年|1
高速|1
上物|1
附近|1
ebit|1
回充|1
传输线|1
较慢|1
过度|1
机比|1
三类|1
桥梁|1
相邻|1
PD3|1
挣扎|1
根基|1
cost|1
家庭|1
地理位置|1
现成|1
枯燥|1
博泽|1
仪表板|1
看看|1
今天|1
开发票|1
市场需求|1
好不好|1
课题|1
销售量|1
侧重|1
校准|1
降到|1
于江森|1
产成品|1
最全|1
隶属|1
巨大|1
此基础|1
外围|1
曹操|1
符合要求|1
或长|1
物和带|1
服务水平|1
挪用|1
订购|1
审评|1
配比|1
此分|1
租厂房|1
拉取|1
真的|1
汇算|1
端太多|1
决策矩阵|1
李喆|1
在业|1
途径|1
设立|1
调试|1
转出去|1
暂扣|1
不带|1
利息|1
波黑|1
出售|1
反复|1
大通|1
减法|1
掌控|1
只供|1
租金|1
暂无|1
跟据|1
退补|1
能源|1
困惑|1
受限于|1
保管|1
超出预算|1
不应|1
中午|1
LTA|1
以前年度|1
IHS|1
电子化|1
钢丝|1
降低成本|1
回执|1
PR|1
注册资本|1
即会|1
再分|1
若过|1
先于|1
BV|1
陈志勇|1
完美|1
条数|1
或者说|1
想尽办法|1
一卷|1
回升|1
阳远奎|1
定时|1
几种|1
tooling|1
看起来|1
某个|1
知名度|1
两台|1
QBOM|1
手上|1
极小|1
过后|1
受到|1
主单|1
等到|1
的话|1
传送|1
谈到|1
筹码|1
polestar|1
全力|1
探查|1
方英|1
推下去|1
过来|1
可持续性|1
会以|1
周期时间|1
局面|1
采纳|1
放弃|1
两三千|1
半小时|1
同行业|1
学习|1
多大|1
尚存|1
power|1
Deadline|1
诀窍|1
罗列|1
太低|1
刷新|1
经过努力|1
业绩|1
季节性|1
遵守|1
寇晶|1
ISC|1
投诉|1
筛出|1
CX756|1
众泰|1
突增|1
适应期|1
基层|1
客观因素|1
判定|1
排查|1
五六年|1
几步|1
先进先出|1
较广|1
缝纫机|1
会开|1
裁掉|1
送到|1
高新技术|1
两大|1
分到|1
几乎|1
印度|1
比较简单|1
一区|1
平均|1
造车|1
拼箱|1
刘杰安|1
打个|1
费高|1
透明性|1
负面影响|1
均会|1
习惯于|1
路面|1
先预|1
但量|1
返给|1
元素|1
海外|1
序列|1
长期以来|1
商都|1
拉通|1
几百万|1
更细|1
回到|1
沟通交流|1
收发|1
填写|1
经营风险|1
C346|1
严格执行|1
李朝伦|1
功能化|1
文化|1
服务器|1
迫切需要|1
体验|1
saving|1
Y483|1
并出|1
动力系统|1
客供件|1
部署|1
决会|1
会放|1
不计|1
竞标|1
唯一|1
WIFI|1
一对|1
稳固|1
下设|1
木星|1
CMA|1
闭环|1
其是|1
人头|1
累计|1
技术性|1
怎么样|1
根本性|1
过滤|1
氛围|1
经理层|1
信任度|1
离不开|1
电子|1
次数|1
库中|1
片材|1
要开|1
价格表|1
跑车|1
计划表|1
MC|1
上面|1
入账|1
财务报告|1
plan|1
经济型|1
重要性|1
汪总|1
额度|1
多去|1
此类|1
系统验证|1
1000T|1
鑫源|1
相符|1
排板|1
延到|1
降低标准|1
数据传输|1
潜意识|1
提意见|1
中标|1
通讯|1
议题|1
Inovation|1
全部摊|1
变卖|1
触发|1
越过|1
分在|1
差别|1
Governance|1
出处|1
卡车|1
milestone|1
开发人员|1
回去|1
算高|1
Review|1
考核制|1
拖欠|1
纸质|1
人手不足|1
外面|1
ASNT|1
辐射|1
设想|1
History|1
一车|1
多一点|1
导致系统|1
打样|1
习惯性|1
痛苦|1
滞后|1
没想|1
做起|1
人员构成|1
一大|1
迫切|1
入口|1
ros|1
已下市|1
会上|1
母子公司|1
会贵|1
被否|1
经济指标|1
加在一起|1
徐杰|1
出有|1
附件|1
排名|1
概率|1
未受|1
失误|1
采取|1
万一|1
管理权|1
调会|1
配方|1
亿元|1
覆盖面|1
激进|1
高度|1
风口|1
计入|1
网上|1
靠安道|1
专业技能|1
约车|1
延长|1
重量|1
XC40|1
内会|1
建森|1
owner|1
of|1
遭遇|1
在我看来|1
六表图|1
对后|1
留下|1
平方|1
进料|1
症结|1
会计账|1
近期|1
推翻|1
网速|1
不看|1
满意|1
按期|1
做过|1
TT|1
里会|1
搬迁|1
维修工|1
出台|1
董事|1
转向|1
SRR|1
促销|1
后端|1
德勤|1
比较慢|1
商务活动|1
car|1
开发计划|1
越来越少|1
习惯|1
不便|1
工作指南|1
一笔|1
超差|1
赢单|1
好几千|1
杜绝|1
举例|1
电机|1
geely|1
半天|1
个会|1
复制到|1
池里|1
分几序|1
总层|1
二次|1
VOC|1
遗留下来|1
预见性|1
这时候|1
加法|1
好转|1
遇见|1
选点|1
责权|1
诸多|1
倾向性|1
部来|1
用料|1
所在地|1
偏好|1
无太大|1
比不太|1
小汪|1
细到|1
笼统|1
居民区|1
公平|1
FORD|1
级主|1
没定|1
年末|1
邓白氏|1
取而代之|1
功率|1
校招会|1
料法|1
限额|1
CSO|1
拿回去|1
除开|1
国家|1
感到|1
Full|1
口头|1
贴现|1
纯粹|1
矩管|1
上难|1
未有|1
重大事件|1
原版|1
没底|1
延峰安道|1
期由|1
合资企业|1
位及|1
绝大多数|1
数据处理|1
逐一|1
申请人|1
纸面|1
奥迪|1
卖不出去|1
工与|1
无休止|1
拉货|1
出新|1
不干|1
哪些项目|1
代表|1
月度付款|1
探测|1
S106|1
抽查|1
后会|1
车和家|1
竞聘|1
闲置|1
赔付|1
stamping|1
沉默|1
阶段性|1
MMC|1
椅背|1
代朝静|1
